"DATUM","TYP","VOM KONTO","ZUM KONTO / ZUR KATEGORIE","BETRAG","WÄHRUNG","BETRAG 2","WÄHRUNG 2","BEZEICHNUNGEN","NOTIZEN"
"29.01.20","Ausgabe","Girokarte","Reisen","7","EUR","7","EUR","",""
"29.01.20","Ausgabe","Girokarte","Reisen","13.4","EUR","13.4","EUR","",""
"28.01.20","Ausgabe","Girokarte","Lebensmittel","40.52","EUR","40.52","EUR","",""
"25.01.20","Ausgabe","Girokarte","Lebensmittel","1.8","EUR","1.8","EUR","",""
"25.01.20","Ausgabe","Girokarte","Reisen","2.75","EUR","2.75","EUR","",""
"25.01.20","Ausgabe","Girokarte","Freizeit","5","EUR","5","EUR","",""
"25.01.20","Ausgabe","Girokarte","Kleidung (Allgemein)","36.95","EUR","36.95","EUR","",""
"25.01.20","Ausgabe","Girokarte","Reisen","2.75","EUR","2.75","EUR","",""
"22.01.20","Ausgabe","Girokarte","Abonnenements ","6.99","EUR","6.99","EUR","","Brain.fnlm"
"21.01.20","Ausgabe","Girokarte","Freizeit","13","EUR","13","EUR","",""
"21.01.20","Ausgabe","Girokarte","Reisen","2.75","EUR","2.75","EUR","",""
"20.01.20","Ausgabe","Girokarte","Lebensmittel","71.49","EUR","71.49","EUR","",""
"20.01.20","Ausgabe","Girokarte","Reisen","11.95","EUR","11.95","EUR","","Hostel nLondon Vorzahlung"
"20.01.20","Ausgabe","Girokarte","Reisen","149","EUR","149","EUR","","LIMUN Flüge"
"17.01.20","Ausgabe","Girokarte","Reisen","2.75","EUR","2.75","EUR","",""
"17.01.20","Ausgabe","Girokarte","Freizeit","6.5","EUR","6.5","EUR","",""
"15.01.20","Ausgabe","Girokarte","Reisen","2.75","EUR","2.75","EUR","",""
"15.01.20","Ausgabe","Girokarte","Freizeit","3","EUR","3","EUR","",""
"15.01.20","Ausgabe","Girokarte","Reisen","2.75","EUR","2.75","EUR","",""
"14.01.20","Ausgabe","Girokarte","Lebensmittel","86.81","EUR","86.81","EUR","",""
"13.01.20","Ausgabe","Girokarte","Allgemein","121.9","EUR","121.9","EUR","","Armbanduhr als Belohnung für BA"
"13.01.20","Ausgabe","Girokarte","Lebensmittel","8.25","EUR","8.25","EUR","",""
"13.01.20","Ausgabe","Girokarte","Reisen","2.4","EUR","2.4","EUR","",""
"13.01.20","Ausgabe","Girokarte","Allgemein","11","EUR","11","EUR","","Taxi"
"11.01.20","Ausgabe","Girokarte","Allgemein","70","EUR","70","EUR","","Papa Umzug Sultana ausgeführt"
"11.01.20","Ausgabe","Girokarte","Allgemein","48.72","EUR","48.72","EUR","","Umzug"
"11.01.20","Ausgabe","Girokarte","Allgemein","15","EUR","15","EUR","","Umzug"
"11.01.20","Ausgabe","Girokarte","Allgemein","26.9","EUR","26.9","EUR","",""
"11.01.20","Ausgabe","Girokarte","Abonnenements ","5","EUR","5","EUR","","Medium"
"10.01.20","Ausgabe","Girokarte","Freizeit","4","EUR","4","EUR","",""
"10.01.20","Ausgabe","Girokarte","Allgemein","10.49","EUR","10.49","EUR","","Umzug"
"10.01.20","Ausgabe","Girokarte","Lebensmittel","2.2","EUR","2.2","EUR","",""
"10.01.20","Ausgabe","Girokarte","Allgemein","89.99","EUR","89.99","EUR","","Koffer"
"09.01.20","Ausgabe","Girokarte","Freizeit","23.8","EUR","23.8","EUR","",""
"08.01.20","Ausgabe","Girokarte","Freizeit","15","EUR","15","EUR","",""
"08.01.20","Ausgabe","Girokarte","Arbeit (Lebensmittel)","5.95","EUR","5.95","EUR","",""
"08.01.20","Einnahme","Girokarte","Papa","314","EUR","314","EUR","",""
"08.01.20","Einnahme","Girokarte","Omi","50","EUR","50","EUR","",""
"08.01.20","Einnahme","Girokarte","BAFöG","336","EUR","336","EUR","",""
"08.01.20","Ausgabe","Girokarte","Abonnenements ","14.99","EUR","14.99","EUR","",""
"07.01.20","Ausgabe","Girokarte","Freizeit","5","EUR","5","EUR","",""
"07.01.20","Ausgabe","Girokarte","Weiterbildung","67.8","EUR","67.8","EUR","","Bachelorarbeit"
"07.01.20","Ausgabe","Girokarte","Allgemein","5.99","EUR","5.99","EUR","","Usbstick"
"07.01.20","Ausgabe","Girokarte","Allgemein","18.49","EUR","18.49","EUR","","Umzug"
"07.01.20","Ausgabe","Girokarte","Miete","60","EUR","60","EUR","","Nebenkosten"
"07.01.20","Ausgabe","Girokarte","Miete","232","EUR","232","EUR","","Miete"
"06.01.20","Ausgabe","Girokarte","Freizeit","6.5","EUR","6.5","EUR","",""
"06.01.20","Ausgabe","Girokarte","Mensa (Lebensmittel)","13","EUR","13","EUR","",""
"06.01.20","Ausgabe","Girokarte","Allgemein","7.5","EUR","7.5","EUR","","Drucken"
"06.01.20","Ausgabe","Girokarte","Gesundheit","11.97","EUR","11.97","EUR","",""
"06.01.20","Ausgabe","Girokarte","Abonnenements ","7.99","EUR","7.99","EUR","",""
"06.01.20","Ausgabe","Girokarte","Abonnenements ","9.99","EUR","9.99","EUR","",""
"06.01.20","Ausgabe","Girokarte","Abonnenements ","9.99","EUR","9.99","EUR","",""
"05.01.20","Ausgabe","Girokarte","Freizeit","5","EUR","5","EUR","",""
"05.01.20","Ausgabe","Girokarte","Freizeit","27","EUR","27","EUR","",""
"04.01.20","Ausgabe","Girokarte","Freizeit","7","EUR","7","EUR","",""
"04.01.20","Ausgabe","Girokarte","Lebensmittel","3.48","EUR","3.48","EUR","",""
"03.01.20","Ausgabe","Girokarte","Weiterbildung","17.24","EUR","17.24","EUR","",""
"03.01.20","Ausgabe","Girokarte","Lebensmittel","3.8","EUR","3.8","EUR","",""
"03.01.20","Ausgabe","Girokarte","Kleidung (Allgemein)","50.9","EUR","50.9","EUR","","Schuhe"
"03.01.20","Ausgabe","Girokarte","Kleidung (Allgemein)","64.98","EUR","64.98","EUR","",""
"03.01.20","Ausgabe","Girokarte","Allgemein","0.8","EUR","0.8","EUR","",""
"03.01.20","Ausgabe","Girokarte","Allgemein","18.49","EUR","18.49","EUR","","UMZUGSKISTE"
"03.01.20","Ausgabe","Girokarte","Reisen","20.9","EUR","20.9","EUR","","Dd Frankfurt "
"03.01.20","Ausgabe","Girokarte","Miete","9.23","EUR","9.23","EUR","",""
"02.01.20","Ausgabe","Girokarte","Lebensmittel","31.87","EUR","31.87","EUR","",""
"02.01.20","Ausgabe","Girokarte","Kleidung (Allgemein)","10","EUR","10","EUR","",""
"02.01.20","Ausgabe","Girokarte","Allgemein","0.5","EUR","0.5","EUR","",""
"02.01.20","Ausgabe","Girokarte","Allgemein","52.9","EUR","52.9","EUR","","Festplatte"
"02.01.20","Ausgabe","Girokarte","Allgemein","59.99","EUR","59.99","EUR","","Portemonnaie"
"02.01.20","Ausgabe","Girokarte","Lebensmittel","4.3","EUR","4.3","EUR","",""
"02.01.20","Ausgabe","Girokarte","Allgemein","16.95","EUR","16.95","EUR","","Pickelcreme"
"01.01.20","Ausgabe","Girokarte","Allgemein","25.67","EUR","25.67","EUR","","Plagiatsprüfung scribdr"
"01.01.20","Ausgabe","Girokarte","Allgemein","26.41","EUR","26.41","EUR","","Grammarly.com for bachelor thsis"
"31.12.19","Ausgabe","Girokarte","Freizeit","16.49","EUR","16.49","EUR","",""
"30.12.19","Ausgabe","Girokarte","Reisen","26.9","EUR","26.9","EUR","",""
"30.12.19","Ausgabe","Girokarte","Weiterbildung","9.9","EUR","9.9","EUR","",""
"28.12.19","Ausgabe","Girokarte","Reisen","4.8","EUR","4.8","EUR","",""
"27.12.19","Ausgabe","Girokarte","Allgemein","44","EUR","44","EUR","","Geschenke"
"27.12.19","Ausgabe","Girokarte","Freizeit","3.6","EUR","3.6","EUR","",""
"27.12.19","Ausgabe","Girokarte","Reisen","2.4","EUR","2.4","EUR","",""
"25.12.19","Ausgabe","Girokarte","Schulden","30.17","EUR","30.17","EUR","","Flixbus"
"25.12.19","Ausgabe","Girokarte","Lebensmittel","6.5","EUR","6.5","EUR","",""
"23.12.19","Ausgabe","Girokarte","Weiterbildung","10","EUR","10","EUR","",""
"23.12.19","Ausgabe","Girokarte"," Sonstiges (Allgemein)","36","EUR","36","EUR","","Weihnachtsgeschenke"
"22.12.19","Ausgabe","Girokarte","Abonnenements ","6.99","EUR","6.99","EUR","","Brain.fnlm"
"21.12.19","Ausgabe","Girokarte","Lebensmittel","4.27","EUR","4.27","EUR","",""
"20.12.19","Ausgabe","Girokarte","Lebensmittel","4.6","EUR","4.6","EUR","",""
"19.12.19","Ausgabe","Girokarte","Allgemein","26","EUR","26","EUR","","Friseur"
"18.12.19","Ausgabe","Girokarte","Freizeit","1","EUR","1","EUR","",""
"18.12.19","Ausgabe","Girokarte","Freizeit","14","EUR","14","EUR","",""
"18.12.19","Ausgabe","Girokarte","Lebensmittel","5.51","EUR","5.51","EUR","",""
"18.12.19","Ausgabe","Girokarte","Allgemein","8.9","EUR","8.9","EUR","","Key office "
"17.12.19","Ausgabe","Girokarte","Gesundheit","2.99","EUR","2.99","EUR","",""
"17.12.19","Ausgabe","Girokarte","Weiterbildung","24.95","EUR","24.95","EUR","","Audible guthaben"
"17.12.19","Ausgabe","Girokarte","Freizeit","14","EUR","14","EUR","",""
"17.12.19","Ausgabe","Girokarte","Lebensmittel","15.75","EUR","15.75","EUR","",""
"17.12.19","Ausgabe","Girokarte","Arbeit (Lebensmittel)","4.25","EUR","4.25","EUR","",""
"17.12.19","Ausgabe","Girokarte","Allgemein","4.99","EUR","4.99","EUR","",""
"16.12.19","Ausgabe","Girokarte","Freizeit","10","EUR","10","EUR","",""
"16.12.19","Ausgabe","Girokarte","Lebensmittel","5","EUR","5","EUR","",""
"15.12.19","Ausgabe","Girokarte","Reisen","23","EUR","23","EUR","",""
"15.12.19","Ausgabe","Girokarte","Reisen","3.2","EUR","3.2","EUR","",""
"15.12.19","Ausgabe","Girokarte","Reisen","25.27","EUR","25.27","EUR","",""
"14.12.19","Ausgabe","Girokarte","Freizeit","31","EUR","31","EUR","",""
"13.12.19","Ausgabe","Girokarte","Reisen","14.3","EUR","14.3","EUR","",""
"13.12.19","Ausgabe","Girokarte","Lebensmittel","3.91","EUR","3.91","EUR","",""
"13.12.19","Ausgabe","Girokarte","Lebensmittel","2.25","EUR","2.25","EUR","",""
"13.12.19","Ausgabe","Girokarte","Lebensmittel","1.3","EUR","1.3","EUR","",""
"13.12.19","Ausgabe","Girokarte","Lebensmittel","3.3","EUR","3.3","EUR","",""
"12.12.19","Ausgabe","Girokarte","Mensa (Lebensmittel)","10","EUR","10","EUR","",""
"11.12.19","Ausgabe","Girokarte","Allgemein","9.99","EUR","9.99","EUR","",""
"11.12.19","Ausgabe","Girokarte","Abonnenements ","5","EUR","5","EUR","","Medium"
"11.12.19","Ausgabe","Girokarte","Freizeit","15","EUR","15","EUR","",""
"11.12.19","Ausgabe","Girokarte","Arbeit (Lebensmittel)","5.05","EUR","5.05","EUR","",""
"11.12.19","Einnahme","Girokarte","Papa","314","EUR","314","EUR","",""
"11.12.19","Ausgabe","Girokarte","Abonnenements ","14.99","EUR","14.99","EUR","",""
"11.12.19","Einnahme","Girokarte","Omi","50","EUR","50","EUR","",""
"10.12.19","Ausgabe","Girokarte","Weiterbildung","12.9","EUR","12.9","EUR","",""
"10.12.19","Ausgabe","Girokarte","Lebensmittel","1.2","EUR","1.2","EUR","",""
"10.12.19","Ausgabe","Girokarte","Gesundheit","3.99","EUR","3.99","EUR","",""
"10.12.19","Ausgabe","Girokarte","Lebensmittel","15.92","EUR","15.92","EUR","",""
"09.12.19","Ausgabe","Girokarte","Lebensmittel","7.59","EUR","7.59","EUR","",""
"09.12.19","Ausgabe","Girokarte","Miete","290","EUR","290","EUR","",""
"09.12.19","Ausgabe","Girokarte","Reisen","3.33","EUR","3.33","EUR","",""
"06.12.19","Ausgabe","Girokarte","Weiterbildung","12.99","EUR","12.99","EUR","",""
"06.12.19","Ausgabe","Girokarte","Lebensmittel","3.5","EUR","3.5","EUR","",""
"06.12.19","Ausgabe","Girokarte","Reisen","2.75","EUR","2.75","EUR","",""
"06.12.19","Ausgabe","Girokarte","Abonnenements ","7.99","EUR","7.99","EUR","",""
"06.12.19","Ausgabe","Girokarte","Abonnenements ","9.99","EUR","9.99","EUR","",""
"06.12.19","Ausgabe","Girokarte","Abonnenements ","9.99","EUR","9.99","EUR","",""
"05.12.19","Ausgabe","Girokarte","Freizeit","11","EUR","11","EUR","",""
"05.12.19","Ausgabe","Girokarte","Lebensmittel","1.4","EUR","1.4","EUR","",""
"05.12.19","Ausgabe","Girokarte","Gesundheit","30","EUR","30","EUR","","Fitbox"
"04.12.19","Ausgabe","Girokarte","Freizeit","15","EUR","15","EUR","",""
"04.12.19","Ausgabe","Girokarte","Arbeit (Lebensmittel)","5.7","EUR","5.7","EUR","",""
"04.12.19","Ausgabe","Girokarte","Allgemein","4.99","EUR","4.99","EUR","","Tm geschenk"
"04.12.19","Ausgabe","Girokarte","Allgemein","3.8","EUR","3.8","EUR","",""
"04.12.19","Ausgabe","Girokarte","Lebensmittel","2.19","EUR","2.19","EUR","",""
"03.12.19","Ausgabe","Girokarte","Zaubern (Allgemein)","1.49","EUR","1.49","EUR","",""
"03.12.19","Ausgabe","Girokarte","Arbeit (Lebensmittel)","7.32","EUR","7.32","EUR","",""
"03.12.19","Ausgabe","Girokarte","Lebensmittel","1.99","EUR","1.99","EUR","",""
"03.12.19","Ausgabe","Girokarte","Miete","9.23","EUR","9.23","EUR","",""
"02.12.19","Ausgabe","Girokarte","Kleidung (Allgemein)","4.8","EUR","4.8","EUR","",""
"02.12.19","Ausgabe","Girokarte","Lebensmittel","29.53","EUR","29.53","EUR","",""
"01.12.19","Ausgabe","Girokarte","Reisen","34.4","EUR","34.4","EUR","",""
"01.12.19","Ausgabe","Girokarte","Reisen","3.9","EUR","3.9","EUR","",""
"30.11.19","Ausgabe","Girokarte","Mensa (Lebensmittel)","10","EUR","10","EUR","",""
"29.11.19","Ausgabe","Girokarte","Weiterbildung","596","EUR","596","EUR","","Qx Carte blanche "
"29.11.19","Ausgabe","Girokarte","Gesundheit","23.95","EUR","23.95","EUR","","Vitamine und Omega 3"
"27.11.19","Ausgabe","Girokarte","Arbeit (Lebensmittel)","3.67","EUR","3.67","EUR","",""
"26.11.19","Ausgabe","Girokarte","Allgemein","2.95","EUR","2.95","EUR","",""
"26.11.19","Ausgabe","Girokarte","Lebensmittel","12.76","EUR","12.76","EUR","",""
"26.11.19","Ausgabe","Girokarte","Arbeit (Lebensmittel)","5.44","EUR","5.44","EUR","",""
"25.11.19","Ausgabe","Girokarte","Weiterbildung","67.24","EUR","67.24","EUR","","LIMUN"
"25.11.19","Ausgabe","Girokarte","Allgemein","34.99","EUR","34.99","EUR","","Festplatte"
"25.11.19","Ausgabe","Girokarte","Gesundheit","9.99","EUR","9.99","EUR","",""
"25.11.19","Ausgabe","Girokarte","Allgemein","1","EUR","1","EUR","",""
"25.11.19","Ausgabe","Girokarte","Lebensmittel","3.8","EUR","3.8","EUR","",""
"25.11.19","Ausgabe","Girokarte","Reisen","2.5","EUR","2.5","EUR","",""
"25.11.19","Ausgabe","Girokarte","Freizeit","5.93","EUR","5.93","EUR","",""
"24.11.19","Ausgabe","Girokarte","Weiterbildung","8.11","EUR","8.11","EUR","",""
"24.11.19","Ausgabe","Girokarte","Reisen","4.8","EUR","4.8","EUR","",""
"22.11.19","Ausgabe","Girokarte","Reisen","2.4","EUR","2.4","EUR","",""
"22.11.19","Ausgabe","Girokarte","Abonnenements ","6.99","EUR","6.99","EUR","","Brain.fnlm"
"22.11.19","Ausgabe","Girokarte","Allgemein","7.99","EUR","7.99","EUR","","Conrad geschenk"
"22.11.19","Ausgabe","Girokarte","Weiterbildung","13","EUR","13","EUR","",""
"22.11.19","Ausgabe","Girokarte","Lebensmittel","2.58","EUR","2.58","EUR","",""
"21.11.19","Ausgabe","Girokarte","Allgemein","44.5","EUR","44.5","EUR","","Friseur und shampoo"
"20.11.19","Ausgabe","Girokarte","Arbeit (Lebensmittel)","6.73","EUR","6.73","EUR","",""
"19.11.19","Ausgabe","Girokarte","Freizeit","10","EUR","10","EUR","",""
"19.11.19","Ausgabe","Girokarte","Allgemein","1.98","EUR","1.98","EUR","",""
"19.11.19","Ausgabe","Girokarte","Arbeit (Lebensmittel)","8.24","EUR","8.24","EUR","",""
"18.11.19","Ausgabe","Girokarte","Freizeit","10","EUR","10","EUR","",""
"18.11.19","Ausgabe","Girokarte","Lebensmittel","44.34","EUR","44.34","EUR","",""
"18.11.19","Ausgabe","Girokarte","Gesundheit","30","EUR","30","EUR","","Fitbox"
"18.11.19","Ausgabe","Girokarte","Reisen","16","EUR","16","EUR","","DD zurück"
"18.11.19","Ausgabe","Girokarte","Reisen","26.6","EUR","26.6","EUR","","DD hin"
"17.11.19","Ausgabe","Girokarte","Freizeit","12.5","EUR","12.5","EUR","",""
"16.11.19","Ausgabe","Girokarte","Freizeit","7.49","EUR","7.49","EUR","",""
"15.11.19","Ausgabe","Girokarte","Freizeit","3.96","EUR","3.96","EUR","",""
"15.11.19","Ausgabe","Girokarte","Lebensmittel","4.02","EUR","4.02","EUR","",""
"15.11.19","Ausgabe","Girokarte","Gesundheit","16.95","EUR","16.95","EUR","","Hautcreme"
"14.11.19","Ausgabe","Girokarte","Freizeit","8","EUR","8","EUR","",""
"14.11.19","Ausgabe","Girokarte","Mensa (Lebensmittel)","10","EUR","10","EUR","",""
"13.11.19","Ausgabe","Girokarte","Lebensmittel","1.6","EUR","1.6","EUR","",""
"13.11.19","Ausgabe","Girokarte","Allgemein","7.87","EUR","7.87","EUR","","Hygieneartikel "
"13.11.19","Ausgabe","Girokarte","Reisen","36.8","EUR","36.8","EUR","","Qx frankfurt"
"13.11.19","Einnahme","Girokarte","Omi","50","EUR","50","EUR","",""
"13.11.19","Ausgabe","Girokarte","Abonnenements ","14.99","EUR","14.99","EUR","",""
"12.11.19","Ausgabe","Girokarte","Freizeit","17","EUR","17","EUR","",""
"12.11.19","Ausgabe","Girokarte","Arbeit (Lebensmittel)","8.42","EUR","8.42","EUR","",""
"12.11.19","Ausgabe","Girokarte","Miete","232","EUR","232","EUR","","Miete"
"12.11.19","Ausgabe","Girokarte","Miete","60","EUR","60","EUR","","Nebenkosten"
"11.11.19","Ausgabe","Girokarte","Lebensmittel","26.08","EUR","26.08","EUR","",""
"11.11.19","Ausgabe","Girokarte","Mensa (Lebensmittel)","5","EUR","5","EUR","",""
"10.11.19","Ausgabe","Girokarte","Lebensmittel","1.2","EUR","1.2","EUR","",""
"10.11.19","Ausgabe","Girokarte","Freizeit","4","EUR","4","EUR","",""
"10.11.19","Ausgabe","Girokarte","Reisen","7","EUR","7","EUR","",""
"09.11.19","Ausgabe","Girokarte","Freizeit","5","EUR","5","EUR","",""
"09.11.19","Ausgabe","Girokarte","Reisen","2.8","EUR","2.8","EUR","",""
"08.11.19","Ausgabe","Girokarte","Reisen","2.8","EUR","2.8","EUR","",""
"08.11.19","Ausgabe","Girokarte","Freizeit","3.8","EUR","3.8","EUR","",""
"07.11.19","Ausgabe","Girokarte","Kleidung (Allgemein)","33.7","EUR","33.7","EUR","","Reinigung"
"07.11.19","Ausgabe","Girokarte","Lebensmittel","11.14","EUR","11.14","EUR","",""
"06.11.19","Ausgabe","Girokarte","Freizeit","7","EUR","7","EUR","",""
"06.11.19","Ausgabe","Girokarte","Lebensmittel","10","EUR","10","EUR","",""
"06.11.19","Ausgabe","Girokarte","Allgemein","0.8","EUR","0.8","EUR","",""
"06.11.19","Ausgabe","Girokarte","Abonnenements ","7.99","EUR","7.99","EUR","",""
"06.11.19","Ausgabe","Girokarte","Abonnenements ","9.99","EUR","9.99","EUR","",""
"06.11.19","Ausgabe","Girokarte","Abonnenements ","9.99","EUR","9.99","EUR","",""
"05.11.19","Ausgabe","Girokarte","Lebensmittel","4.99","EUR","4.99","EUR","",""
"04.11.19","Ausgabe","Girokarte","Reisen","25","EUR","25","EUR","","Berlin start Call "
"04.11.19","Ausgabe","Girokarte","Gesundheit","16.26","EUR","16.26","EUR","",""
"04.11.19","Ausgabe","Girokarte","Gesundheit","8.99","EUR","8.99","EUR","",""
"04.11.19","Ausgabe","Girokarte","Lebensmittel","35.61","EUR","35.61","EUR","",""
"04.11.19","Ausgabe","Girokarte","Zaubern (Allgemein)","11.78","EUR","11.78","EUR","",""
"03.11.19","Ausgabe","Girokarte","Lebensmittel","2.4","EUR","2.4","EUR","",""
"03.11.19","Ausgabe","Girokarte","Miete","9.23","EUR","9.23","EUR","",""
"01.11.19","Ausgabe","Girokarte","Reisen","3.4","EUR","3.4","EUR","",""
"01.11.19","Ausgabe","Girokarte","Allgemein","0.8","EUR","0.8","EUR","",""
"01.11.19","Ausgabe","Girokarte","Weiterbildung","7.5","EUR","7.5","EUR","",""
"01.11.19","Ausgabe","Girokarte","Lebensmittel","5.38","EUR","5.38","EUR","",""
"01.11.19","Ausgabe","Girokarte","Zaubern (Allgemein)","7.49","EUR","7.49","EUR","",""
"01.11.19","Ausgabe","Girokarte","Freizeit","3.65","EUR","3.65","EUR","",""
"31.10.19","Ausgabe","Girokarte","Freizeit","8","EUR","8","EUR","",""
"30.10.19","Ausgabe","Girokarte","Zaubern (Allgemein)","29.95","EUR","29.95","EUR","",""
"30.10.19","Ausgabe","Girokarte","Arbeit (Lebensmittel)","8.85","EUR","8.85","EUR","",""
"29.10.19","Ausgabe","Girokarte","Freizeit","5","EUR","5","EUR","",""
"29.10.19","Ausgabe","Girokarte","Lebensmittel","20.6","EUR","20.6","EUR","",""
"29.10.19","Ausgabe","Girokarte","Lebensmittel","8.32","EUR","8.32","EUR","",""
"28.10.19","Ausgabe","Girokarte","Allgemein","24.9","EUR","24.9","EUR","","6minuten Tagebuch "
"28.10.19","Ausgabe","Girokarte","Allgemein","4","EUR","4","EUR","",""
"28.10.19","Ausgabe","Girokarte","Reisen","2.4","EUR","2.4","EUR","",""
"27.10.19","Ausgabe","Girokarte","Freizeit","16.9","EUR","16.9","EUR","",""
"27.10.19","Ausgabe","Girokarte","Freizeit","17.45","EUR","17.45","EUR","",""
"26.10.19","Ausgabe","Girokarte","Reisen","15.99","EUR","15.99","EUR","",""
"26.10.19","Ausgabe","Girokarte","Reisen","0.8","EUR","0.8","EUR","",""
"26.10.19","Ausgabe","Girokarte","Reisen","4","EUR","4","EUR","",""
"26.10.19","Ausgabe","Girokarte","Freizeit","10.1","EUR","10.1","EUR","",""
"26.10.19","Ausgabe","Girokarte","Freizeit","18.5","EUR","18.5","EUR","",""
"25.10.19","Einnahme","Girokarte","Trinkgeld","44.2","EUR","44.2","EUR","",""
"25.10.19","Ausgabe","Girokarte","Lebensmittel","0.6","EUR","0.6","EUR","",""
"25.10.19","Ausgabe","Girokarte","Lebensmittel","1","EUR","1","EUR","",""
"25.10.19","Ausgabe","Girokarte","Lebensmittel","4.9","EUR","4.9","EUR","",""
"25.10.19","Ausgabe","Girokarte","Gesundheit","5","EUR","5","EUR","",""
"24.10.19","Ausgabe","Girokarte","Mensa (Lebensmittel)","10","EUR","10","EUR","",""
"24.10.19","Ausgabe","Girokarte","Schulden","10","EUR","10","EUR","",""
"23.10.19","Ausgabe","Girokarte","Lebensmittel","4.52","EUR","4.52","EUR","",""
"23.10.19","Ausgabe","Girokarte","Arbeit (Lebensmittel)","6.77","EUR","6.77","EUR","",""
"22.10.19","Ausgabe","Girokarte","Lebensmittel","31.91","EUR","31.91","EUR","",""
"22.10.19","Ausgabe","Girokarte","Arbeit (Lebensmittel)","6.97","EUR","6.97","EUR","",""
"22.10.19","Ausgabe","Girokarte","Lebensmittel","6.25","EUR","6.25","EUR","",""
"22.10.19","Ausgabe","Girokarte","Lebensmittel","7.5","EUR","7.5","EUR","",""
"22.10.19","Ausgabe","Girokarte","Reisen","35.9","EUR","35.9","EUR","",""
"16.10.19","Einnahme","Girokarte","Omi","50","EUR","50","EUR","",""
"16.10.19","Einnahme","Girokarte","Papa","314","EUR","314","EUR","",""
"16.10.19","Ausgabe","Girokarte","Abonnenements ","14.99","EUR","14.99","EUR","",""
"14.10.19","Ausgabe","Girokarte","Lebensmittel","1.5","EUR","1.5","EUR","",""
"13.10.19","Ausgabe","Girokarte","Freizeit","7","EUR","7","EUR","",""
"13.10.19","Ausgabe","Girokarte","Freizeit","40","EUR","40","EUR","","Resta"
"13.10.19","Ausgabe","Girokarte","Zaubern (Allgemein)","157.49","EUR","157.49","EUR","","Puzzle of life"
"13.10.19","Ausgabe","Girokarte","Gesundheit","8","EUR","8","EUR","",""
"13.10.19","Ausgabe","Girokarte","Sonstige Reisen (Reisen)","9.35","EUR","9.35","EUR","","Hostel"
"13.10.19","Ausgabe","Girokarte","Freizeit","3.6","EUR","3.6","EUR","",""
"13.10.19","Ausgabe","Girokarte","Freizeit","11.25","EUR","11.25","EUR","",""
"13.10.19","Ausgabe","Girokarte","Freizeit","8","EUR","8","EUR","",""
"12.10.19","Ausgabe","Girokarte","Reisen","2.4","EUR","2.4","EUR","",""
"11.10.19","Ausgabe","Girokarte","Reisen","5","EUR","5","EUR","",""
"11.10.19","Ausgabe","Girokarte","Reisen","7.5","EUR","7.5","EUR","",""
"09.10.19","Ausgabe","Girokarte","Freizeit","30","EUR","30","EUR","",""
"09.10.19","Ausgabe","Girokarte","Reisen","9","EUR","9","EUR","","Verkehr riga"
"09.10.19","Ausgabe","Girokarte","Reisen","2.5","EUR","2.5","EUR","",""
"09.10.19","Ausgabe","Girokarte","Reisen","1","EUR","1","EUR","",""
"09.10.19","Ausgabe","Girokarte","Lebensmittel","7.9","EUR","7.9","EUR","",""
"09.10.19","Ausgabe","Girokarte","Kleidung (Allgemein)","4.8","EUR","4.8","EUR","",""
"08.10.19","Ausgabe","Girokarte","Arbeit (Lebensmittel)","5.39","EUR","5.39","EUR","",""
"07.10.19","Ausgabe","Girokarte","Arbeit (Lebensmittel)","7.74","EUR","7.74","EUR","",""
"06.10.19","Ausgabe","Girokarte","Freizeit","2.5","EUR","2.5","EUR","",""
"06.10.19","Ausgabe","Girokarte","Abonnenements ","9.99","EUR","9.99","EUR","",""
"06.10.19","Ausgabe","Girokarte","Abonnenements ","9.99","EUR","9.99","EUR","",""
"06.10.19","Ausgabe","Girokarte","Abonnenements ","7.99","EUR","7.99","EUR","",""
"05.10.19","Ausgabe","Girokarte","Lebensmittel","12.5","EUR","12.5","EUR","",""
"05.10.19","Ausgabe","Girokarte","Reisen","1.5","EUR","1.5","EUR","",""
"05.10.19","Ausgabe","Girokarte","Allgemein","39","EUR","39","EUR","","DB"
"05.10.19","Ausgabe","Girokarte","Miete","290","EUR","290","EUR","",""
"04.10.19","Ausgabe","Girokarte","Lebensmittel","12","EUR","12","EUR","",""
"04.10.19","Ausgabe","Girokarte","Reisen","27.9","EUR","27.9","EUR","",""
"03.10.19","Ausgabe","Girokarte","Freizeit","20","EUR","20","EUR","",""
"03.10.19","Ausgabe","Girokarte","Miete","9.23","EUR","9.23","EUR","",""
"02.10.19","Ausgabe","Girokarte","Lebensmittel","5.78","EUR","5.78","EUR","",""
"01.10.19","Ausgabe","Girokarte","Arbeit (Lebensmittel)","10.02","EUR","10.02","EUR","",""
"01.10.19","Ausgabe","Girokarte","Lebensmittel","2.15","EUR","2.15","EUR","",""
"30.09.19","Ausgabe","Girokarte","Allgemein","19.99","EUR","19.99","EUR","",""
"30.09.19","Ausgabe","Girokarte","Lebensmittel","19.38","EUR","19.38","EUR","",""
"30.09.19","Ausgabe","Girokarte","Allgemein","5.99","EUR","5.99","EUR","",""
"30.09.19","Ausgabe","Girokarte","Allgemein","0.8","EUR","0.8","EUR","",""
"30.09.19","Ausgabe","Girokarte","Allgemein","2","EUR","2","EUR","",""
"28.09.19","Ausgabe","Girokarte","Lebensmittel","12.21","EUR","12.21","EUR","",""
"28.09.19","Ausgabe","Girokarte","Kleidung (Allgemein)","115.9","EUR","115.9","EUR","",""
"28.09.19","Ausgabe","Girokarte","Kleidung (Allgemein)","43","EUR","43","EUR","",""
"27.09.19","Ausgabe","Girokarte","Freizeit","10","EUR","10","EUR","",""
"27.09.19","Ausgabe","Girokarte","Allgemein","10","EUR","10","EUR","",""
"27.09.19","Ausgabe","Girokarte","Weiterbildung","13.99","EUR","13.99","EUR","",""
"26.09.19","Ausgabe","Girokarte","Lebensmittel","32.63","EUR","32.63","EUR","",""
"23.09.19","Ausgabe","Girokarte","Lebensmittel","14.89","EUR","14.89","EUR","",""
"22.09.19","Ausgabe","Girokarte","Reisen","2.4","EUR","2.4","EUR","",""
"22.09.19","Ausgabe","Girokarte","Zaubern (Allgemein)","31.39","EUR","31.39","EUR","",""
"22.09.19","Ausgabe","Girokarte","Reisen","4.3","EUR","4.3","EUR","",""
"21.09.19","Ausgabe","Girokarte","Freizeit","7.61","EUR","7.61","EUR","",""
"21.09.19","Ausgabe","Girokarte","Lebensmittel","6","EUR","6","EUR","",""
"21.09.19","Ausgabe","Girokarte"," Sonstiges (Allgemein)","15.95","EUR","15.95","EUR","","Geschenk Wadim"
"21.09.19","Ausgabe","Girokarte","Gesundheit","17.4","EUR","17.4","EUR","",""
"20.09.19","Einnahme","Girokarte","Trinkgeld","35","EUR","35","EUR","",""
"20.09.19","Ausgabe","Girokarte","Lebensmittel","4.5","EUR","4.5","EUR","",""
"20.09.19","Ausgabe","Girokarte","Reisen","4.8","EUR","4.8","EUR","",""
"20.09.19","Ausgabe","Girokarte","Reisen","25.27","EUR","25.27","EUR","","Bua"
"19.09.19","Ausgabe","Girokarte","Allgemein","108.99","EUR","108.99","EUR","","OnePlus Kopfhörer"
"19.09.19","Einnahme","Girokarte","Trinkgeld","20","EUR","20","EUR","",""
"19.09.19","Ausgabe","Girokarte","Reisen","2.4","EUR","2.4","EUR","",""
"18.09.19","Einnahme","Girokarte","Einnahmen","555","EUR","555","EUR","","Steueramt "
"18.09.19","Ausgabe","Girokarte","Reisen","107","EUR","107","EUR","","Nach Riga"
"18.09.19","Ausgabe","Girokarte","Allgemein","57","EUR","57","EUR","","TOASTMASTERS"
"18.09.19","Ausgabe","Girokarte","Arbeit (Lebensmittel)","6.25","EUR","6.25","EUR","",""
"18.09.19","Einnahme","Girokarte","Omi","50","EUR","50","EUR","",""
"18.09.19","Einnahme","Girokarte","BAFöG","336","EUR","336","EUR","",""
"18.09.19","Einnahme","Girokarte","Papa","314","EUR","314","EUR","",""
"18.09.19","Ausgabe","Girokarte","Abonnenements ","14.99","EUR","14.99","EUR","",""
"17.09.19","Ausgabe","Girokarte","Arbeit (Lebensmittel)","5.38","EUR","5.38","EUR","",""
"16.09.19","Ausgabe","Girokarte","Lebensmittel","45.77","EUR","45.77","EUR","",""
"15.09.19","Ausgabe","Girokarte","Lebensmittel","6.89","EUR","6.89","EUR","",""
"15.09.19","Ausgabe","Girokarte","Reisen","14.5","EUR","14.5","EUR","",""
"15.09.19","Ausgabe","Girokarte","Allgemein","499","EUR","499","EUR","","Laptop"
"15.09.19","Ausgabe","Girokarte","Reisen","4.8","EUR","4.8","EUR","",""
"14.09.19","Ausgabe","Girokarte","Reisen","17.9","EUR","17.9","EUR","",""
"14.09.19","Ausgabe","Girokarte","Lebensmittel","10.24","EUR","10.24","EUR","",""
"14.09.19","Ausgabe","Girokarte","Reisen","11.3","EUR","11.3","EUR","",""
"14.09.19","Ausgabe","Girokarte","Lebensmittel","9.3","EUR","9.3","EUR","",""
"13.09.19","Ausgabe","Girokarte","Allgemein","16.98","EUR","16.98","EUR","","Ladekabel"
"12.09.19","Ausgabe","Girokarte","Allgemein","6.99","EUR","6.99","EUR","",""
"12.09.19","Ausgabe","Girokarte","Reisen","25","EUR","25","EUR","","Essen thai"
"12.09.19","Ausgabe","Girokarte","Weiterbildung","10.19","EUR","10.19","EUR","",""
"11.09.19","Ausgabe","Girokarte","Reisen","15","EUR","15","EUR","","Essen pizza Madrid"
"11.09.19","Ausgabe","Girokarte","Freizeit","3","EUR","3","EUR","",""
"10.09.19","Ausgabe","Girokarte","Lebensmittel","5","EUR","5","EUR","",""
"10.09.19","Ausgabe","Girokarte","Reisen","25","EUR","25","EUR","","Essen Madrid Kebab"
"10.09.19","Ausgabe","Girokarte","Allgemein","13.99","EUR","13.99","EUR","",""
"09.09.19","Ausgabe","Girokarte","Reisen","15","EUR","15","EUR","","Food restaurant"
"09.09.19","Ausgabe","Girokarte","Reisen","15","EUR","15","EUR","",""
"08.09.19","Ausgabe","Girokarte","Allgemein","8","EUR","8","EUR","",""
"08.09.19","Ausgabe","Girokarte","Lebensmittel","3","EUR","3","EUR","",""
"08.09.19","Ausgabe","Girokarte","Lebensmittel","12.5","EUR","12.5","EUR","",""
"07.09.19","Ausgabe","Girokarte","Allgemein","7.49","EUR","7.49","EUR","",""
"07.09.19","Ausgabe","Girokarte","Reisen","7.23","EUR","7.23","EUR","",""
"07.09.19","Ausgabe","Girokarte","Reisen","5","EUR","5","EUR","",""
"07.09.19","Ausgabe","Girokarte","Freizeit","18","EUR","18","EUR","",""
"07.09.19","Ausgabe","Girokarte","Reisen","4.95","EUR","4.95","EUR","",""
"06.09.19","Ausgabe","Girokarte","Reisen","5","EUR","5","EUR","",""
"06.09.19","Ausgabe","Girokarte","Abonnenements ","7.99","EUR","7.99","EUR","",""
"06.09.19","Ausgabe","Girokarte","Abonnenements ","9.99","EUR","9.99","EUR","",""
"06.09.19","Ausgabe","Girokarte","Abonnenements ","9.99","EUR","9.99","EUR","",""
"04.09.19","Ausgabe","Girokarte","Allgemein","14.95","EUR","14.95","EUR","",""
"03.09.19","Ausgabe","Girokarte","Arbeit (Lebensmittel)","8.15","EUR","8.15","EUR","",""
"03.09.19","Ausgabe","Girokarte","Miete","290","EUR","290","EUR","",""
"03.09.19","Ausgabe","Girokarte","Miete","292","EUR","292","EUR","",""
"03.09.19","Ausgabe","Girokarte","Miete","9.23","EUR","9.23","EUR","",""
"02.09.19","Ausgabe","Girokarte","Lebensmittel","28.92","EUR","28.92","EUR","",""
"01.09.19","Ausgabe","Girokarte","Weiterbildung","28.2","EUR","28.2","EUR","",""
"01.09.19","Ausgabe","Girokarte","Reisen","25.4","EUR","25.4","EUR","",""
"01.09.19","Ausgabe","Girokarte","Lebensmittel","2.5","EUR","2.5","EUR","",""
"01.09.19","Ausgabe","Girokarte","Reisen","2.8","EUR","2.8","EUR","",""
"01.09.19","Ausgabe","Girokarte","Lebensmittel","7","EUR","7","EUR","",""
"01.09.19","Ausgabe","Girokarte","Freizeit","11","EUR","11","EUR","",""
"31.08.19","Ausgabe","Girokarte","Allgemein","46.41","EUR","46.41","EUR","","Qx"
"30.08.19","Ausgabe","Girokarte","Reisen","7.2","EUR","7.2","EUR","",""
"30.08.19","Ausgabe","Girokarte","Weiterbildung","19.9","EUR","19.9","EUR","","Foreign affairs "
"30.08.19","Ausgabe","Girokarte","Reisen","63.6","EUR","63.6","EUR","","Zadar sxf"
"30.08.19","Ausgabe","Girokarte","Reisen","119","EUR","119","EUR","","Riga zadar"
"29.08.19","Ausgabe","Girokarte","Arbeit (Lebensmittel)","6.22","EUR","6.22","EUR","",""
"28.08.19","Ausgabe","Girokarte","Arbeit (Lebensmittel)","7.24","EUR","7.24","EUR","",""
"27.08.19","Ausgabe","Girokarte","Lebensmittel","13.32","EUR","13.32","EUR","",""
"27.08.19","Ausgabe","Girokarte","Sich gönnen","12.9","EUR","12.9","EUR","",""
"26.08.19","Ausgabe","Girokarte","Uni (Allgemein)","0.8","EUR","0.8","EUR","",""
"26.08.19","Ausgabe","Girokarte","Lebensmittel","2.32","EUR","2.32","EUR","",""
"26.08.19","Ausgabe","Girokarte","Allgemein","4.85","EUR","4.85","EUR","",""
"23.08.19","Ausgabe","Girokarte","Lebensmittel","42","EUR","42","EUR","",""
"23.08.19","Ausgabe","Girokarte","Allgemein","23","EUR","23","EUR","","Fahrrad"
"23.08.19","Ausgabe","Girokarte","Allgemein","1.6","EUR","1.6","EUR","",""
"23.08.19","Ausgabe","Girokarte","Mensa (Lebensmittel)","15","EUR","15","EUR","",""
"21.08.19","Ausgabe","Girokarte","Freizeit","10","EUR","10","EUR","",""
"21.08.19","Ausgabe","Girokarte","Lebensmittel","2","EUR","2","EUR","",""
"21.08.19","Ausgabe","Girokarte","Arbeit (Lebensmittel)","7.8","EUR","7.8","EUR","",""
"21.08.19","Einnahme","Girokarte","Omi","50","EUR","50","EUR","",""
"21.08.19","Einnahme","Girokarte","BAFöG","336","EUR","336","EUR","",""
"21.08.19","Einnahme","Girokarte","Papa","314","EUR","314","EUR","",""
"21.08.19","Ausgabe","Girokarte","Abonnenements ","14.99","EUR","14.99","EUR","",""
"20.08.19","Ausgabe","Girokarte","Lebensmittel","23.61","EUR","23.61","EUR","",""
"20.08.19","Ausgabe","Girokarte","Reisen","27.35","EUR","27.35","EUR","",""
"20.08.19","Einnahme","Girokarte","Trinkgeld","13","EUR","13","EUR","",""
"20.08.19","Ausgabe","Girokarte"," Sonstiges (Allgemein)","16.49","EUR","16.49","EUR","","Koffer versand"
"19.08.19","Ausgabe","Girokarte","Sich gönnen","5.7","EUR","5.7","EUR","",""
"19.08.19","Ausgabe","Girokarte","Freizeit","6.69","EUR","6.69","EUR","",""
"19.08.19","Ausgabe","Girokarte","Freizeit","18.3","EUR","18.3","EUR","",""
"19.08.19","Ausgabe","Girokarte","Sich gönnen","4.5","EUR","4.5","EUR","",""
"19.08.19","Ausgabe","Girokarte","Reisen","4.8","EUR","4.8","EUR","",""
"18.08.19","Ausgabe","Girokarte"," Sonstiges (Allgemein)","21.49","EUR","21.49","EUR","","Geschenke Mama"
"15.08.19","Ausgabe","Girokarte","Allgemein","7.85","EUR","7.85","EUR","",""
"14.08.19","Ausgabe","Girokarte","Arbeit (Lebensmittel)","4.5","EUR","4.5","EUR","",""
"13.08.19","Ausgabe","Girokarte","Arbeit (Lebensmittel)","13","EUR","13","EUR","",""
"13.08.19","Ausgabe","Girokarte","Arbeit (Lebensmittel)","5.4","EUR","5.4","EUR","",""
"13.08.19","Ausgabe","Girokarte","Allgemein","3","EUR","3","EUR","",""
"12.08.19","Ausgabe","Girokarte","Gesundheit","1.85","EUR","1.85","EUR","",""
"12.08.19","Ausgabe","Girokarte","Freizeit","15","EUR","15","EUR","",""
"12.08.19","Ausgabe","Girokarte","Allgemein","0.5","EUR","0.5","EUR","",""
"12.08.19","Ausgabe","Girokarte","Allgemein","2","EUR","2","EUR","",""
"12.08.19","Ausgabe","Girokarte","Lebensmittel","15.44","EUR","15.44","EUR","",""
"12.08.19","Ausgabe","Girokarte","Kleidung (Allgemein)","4.8","EUR","4.8","EUR","",""
"12.08.19","Ausgabe","Girokarte","Allgemein","19","EUR","19","EUR","","FRISEUR"
"11.08.19","Ausgabe","Girokarte","Gesundheit","30","EUR","30","EUR","","Fitbox"
"11.08.19","Ausgabe","Girokarte","Lebensmittel","3.4","EUR","3.4","EUR","",""
"11.08.19","Ausgabe","Girokarte","Lebensmittel","2.8","EUR","2.8","EUR","",""
"09.08.19","Ausgabe","Girokarte","Lebensmittel","9","EUR","9","EUR","",""
"08.08.19","Ausgabe","Girokarte","Freizeit","8","EUR","8","EUR","",""
"08.08.19","Ausgabe","Girokarte","Weiterbildung","8.99","EUR","8.99","EUR","",""
"07.08.19","Ausgabe","Girokarte","Freizeit","10","EUR","10","EUR","",""
"07.08.19","Ausgabe","Girokarte","Lebensmittel","1.6","EUR","1.6","EUR","",""
"07.08.19","Ausgabe","Girokarte","Lebensmittel","2.15","EUR","2.15","EUR","",""
"07.08.19","Ausgabe","Girokarte","Arbeit (Lebensmittel)","2.99","EUR","2.99","EUR","",""
"06.08.19","Ausgabe","Girokarte","Arbeit (Lebensmittel)","4.02","EUR","4.02","EUR","",""
"06.08.19","Ausgabe","Girokarte","Abonnenements ","7.99","EUR","7.99","EUR","",""
"06.08.19","Ausgabe","Girokarte","Abonnenements ","9.99","EUR","9.99","EUR","",""
"06.08.19","Ausgabe","Girokarte","Abonnenements ","9.99","EUR","9.99","EUR","",""
"05.08.19","Ausgabe","Girokarte","Freizeit","12.01","EUR","12.01","EUR","",""
"05.08.19","Ausgabe","Girokarte","Lebensmittel","32.15","EUR","32.15","EUR","",""
"05.08.19","Ausgabe","Girokarte","Reisen","16.27","EUR","16.27","EUR","","Flixbus"
"05.08.19","Ausgabe","Girokarte","Reisen","99.6","EUR","99.6","EUR","","Sommerticket "
"05.08.19","Ausgabe","Girokarte","Miete","582","EUR","582","EUR","",""
"05.08.19","Ausgabe","Girokarte","Sich gönnen","4.9","EUR","4.9","EUR","","Schwimmbad"
"03.08.19","Ausgabe","Girokarte","Miete","9.23","EUR","9.23","EUR","",""
"02.08.19","Ausgabe","Girokarte","Kleidung (Allgemein)","37.95","EUR","37.95","EUR","",""
"02.08.19","Ausgabe","Girokarte","Kleidung (Allgemein)","6.5","EUR","6.5","EUR","",""
"01.08.19","Ausgabe","Girokarte","Freizeit","10","EUR","10","EUR","",""
"01.08.19","Einnahme","Girokarte","Einnahmen","50","EUR","50","EUR","",""
"30.07.19","Ausgabe","Girokarte","Lebensmittel","4.3","EUR","4.3","EUR","",""
"30.07.19","Ausgabe","Girokarte","Lebensmittel","2.58","EUR","2.58","EUR","",""
"30.07.19","Ausgabe","Girokarte","Lebensmittel","7","EUR","7","EUR","",""
"29.07.19","Ausgabe","Girokarte","Lebensmittel","34.85","EUR","34.85","EUR","",""
"29.07.19","Ausgabe","Girokarte","Allgemein","69.99","EUR","69.99","EUR","","Kommode"
"29.07.19","Ausgabe","Girokarte","Sich gönnen","7.8","EUR","7.8","EUR","",""
"27.07.19","Ausgabe","Girokarte"," Sonstiges (Allgemein)","6.31","EUR","6.31","EUR","","Uni"
"26.07.19","Ausgabe","Girokarte","Lebensmittel","30.12","EUR","30.12","EUR","",""
"25.07.19","Ausgabe","Girokarte","Lebensmittel","26.73","EUR","26.73","EUR","",""
"25.07.19","Ausgabe","Girokarte","Lebensmittel","3.64","EUR","3.64","EUR","",""
"24.07.19","Ausgabe","Girokarte","Lebensmittel","8.54","EUR","8.54","EUR","",""
"24.07.19","Einnahme","Girokarte","Omi","50","EUR","50","EUR","",""
"24.07.19","Einnahme","Girokarte","BAFöG","336","EUR","336","EUR","",""
"24.07.19","Einnahme","Girokarte","Papa","314","EUR","314","EUR","",""
"24.07.19","Ausgabe","Girokarte","Abonnenements ","14.99","EUR","14.99","EUR","",""
"23.07.19","Ausgabe","Girokarte","Sich gönnen","11.56","EUR","11.56","EUR","",""
"23.07.19","Ausgabe","Girokarte","Allgemein","19.94","EUR","19.94","EUR","","Wäschekorb"
"22.07.19","Ausgabe","Girokarte","Sich gönnen","10","EUR","10","EUR","",""
"22.07.19","Ausgabe","Girokarte","Lebensmittel","10.26","EUR","10.26","EUR","",""
"22.07.19","Ausgabe","Girokarte","Weiterbildung","120","EUR","120","EUR","","Madrid"
"22.07.19","Ausgabe","Girokarte","Weiterbildung","358.77","EUR","358.77","EUR","","Semesterbeitraf"
"20.07.19","Ausgabe","Girokarte","Lebensmittel","11.56","EUR","11.56","EUR","",""
"20.07.19","Ausgabe","Girokarte","Gesundheit","2.4","EUR","2.4","EUR","",""
"20.07.19","Ausgabe","Girokarte","Lebensmittel","8.15","EUR","8.15","EUR","",""
"20.07.19","Ausgabe","Girokarte","Reisen","2.8","EUR","2.8","EUR","",""
"19.07.19","Ausgabe","Girokarte","Lebensmittel","2.4","EUR","2.4","EUR","",""
"19.07.19","Ausgabe","Girokarte","Lebensmittel","7.76","EUR","7.76","EUR","",""
"19.07.19","Ausgabe","Girokarte","Schulden","1000","EUR","1000","EUR","",""
"19.07.19","Ausgabe","Girokarte","Allgemein","4.8","EUR","4.8","EUR","",""
"19.07.19","Ausgabe","Girokarte","Gesundheit","14.4","EUR","14.4","EUR","",""
"18.07.19","Einnahme","Girokarte","Einnahmen","3000","EUR","3000","EUR","","Mlp"
"18.07.19","Einnahme","Girokarte","Zaubern","390","EUR","390","EUR","",""
"18.07.19","Ausgabe","Girokarte","Freizeit","12","EUR","12","EUR","",""
"17.07.19","Ausgabe","Girokarte","Allgemein","8.1","EUR","8.1","EUR","",""
"16.07.19","Ausgabe","Girokarte","Lebensmittel","47.32","EUR","47.32","EUR","",""
"16.07.19","Ausgabe","Girokarte"," Sonstiges (Allgemein)","6.17","EUR","6.17","EUR","",""
"16.07.19","Ausgabe","Girokarte","Mensa (Lebensmittel)","10","EUR","10","EUR","",""
"15.07.19","Ausgabe","Girokarte","Reisen","62.3","EUR","62.3","EUR","","Budapest"
"15.07.19","Ausgabe","Girokarte","Lebensmittel","5.5","EUR","5.5","EUR","",""
"14.07.19","Ausgabe","Girokarte","Reisen","41.5","EUR","41.5","EUR","","Therme + essen "
"10.07.19","Ausgabe","Girokarte","Reisen","10.5","EUR","10.5","EUR","",""
"09.07.19","Ausgabe","Girokarte","Reisen","51.1","EUR","51.1","EUR","",""
"08.07.19","Ausgabe","Girokarte","Allgemein","1","EUR","1","EUR","",""
"08.07.19","Ausgabe","Girokarte","Lebensmittel","4.5","EUR","4.5","EUR","",""
"08.07.19","Ausgabe","Girokarte","Lebensmittel","7.38","EUR","7.38","EUR","",""
"08.07.19","Ausgabe","Girokarte","Allgemein","9.35","EUR","9.35","EUR","","Drogerie Artikel für flug"
"08.07.19","Ausgabe","Girokarte","Gesundheit","3.49","EUR","3.49","EUR","",""
"08.07.19","Ausgabe","Girokarte","Kleidung (Allgemein)","34.3","EUR","34.3","EUR","","Reinigung "
"07.07.19","Ausgabe","Girokarte","Allgemein","1","EUR","1","EUR","",""
"07.07.19","Ausgabe","Girokarte","Lebensmittel","5","EUR","5","EUR","",""
"07.07.19","Ausgabe","Girokarte","Lebensmittel","5.9","EUR","5.9","EUR","",""
"06.07.19","Einnahme","Girokarte","Trinkgeld","40","EUR","40","EUR","",""
"06.07.19","Ausgabe","Girokarte","Abonnenements ","7.99","EUR","7.99","EUR","",""
"06.07.19","Ausgabe","Girokarte","Abonnenements ","9.99","EUR","9.99","EUR","",""
"06.07.19","Ausgabe","Girokarte","Abonnenements ","9.99","EUR","9.99","EUR","",""
"05.07.19","Einnahme","Girokarte","Trinkgeld","37","EUR","37","EUR","",""
"05.07.19","Ausgabe","Girokarte","Reisen","2.4","EUR","2.4","EUR","",""
"04.07.19","Einnahme","Girokarte","Trinkgeld","54","EUR","54","EUR","",""
"04.07.19","Ausgabe","Girokarte","Lebensmittel","3.3","EUR","3.3","EUR","",""
"04.07.19","Ausgabe","Girokarte","Allgemein","1","EUR","1","EUR","",""
"04.07.19","Ausgabe","Girokarte","Lebensmittel","6.35","EUR","6.35","EUR","",""
"03.07.19","Ausgabe","Girokarte","Allgemein","8.75","EUR","8.75","EUR","","Rénovation"
"03.07.19","Ausgabe","Girokarte","Reisen","29.9","EUR","29.9","EUR","","Reise nach kiel"
"03.07.19","Ausgabe","Girokarte","Reisen","22.27","EUR","22.27","EUR","","Dd Bs bus"
"03.07.19","Ausgabe","Girokarte","Miete","9.23","EUR","9.23","EUR","",""
"03.07.19","Ausgabe","Girokarte","Miete","290","EUR","290","EUR","",""
"03.07.19","Ausgabe","Girokarte","Miete","292","EUR","292","EUR","",""
"01.07.19","Ausgabe","Girokarte","Freizeit","5","EUR","5","EUR","",""
"01.07.19","Ausgabe","Girokarte","Sich gönnen","10.4","EUR","10.4","EUR","",""
"01.07.19","Ausgabe","Girokarte","Allgemein","0.3","EUR","0.3","EUR","",""
"01.07.19","Ausgabe","Girokarte","Allgemein","7.69","EUR","7.69","EUR","",""
"01.07.19","Ausgabe","Girokarte","Freizeit","2.99","EUR","2.99","EUR","",""
"30.06.19","Ausgabe","Girokarte","Freizeit","35","EUR","35","EUR","","Sunny",""
"29.06.19","Ausgabe","Girokarte","Reisen","21.2","EUR","21.2","EUR","","Bus dd"
"29.06.19","Ausgabe","Girokarte","Lebensmittel","20.34","EUR","20.34","EUR","",""
"26.06.19","Ausgabe","Girokarte","Allgemein","31.48","EUR","31.48","EUR","","Neuer Rucksack"
"26.06.19","Ausgabe","Girokarte","Reisen","5.9","EUR","5.9","EUR","",""
"26.06.19","Ausgabe","Girokarte","Lebensmittel","7.24","EUR","7.24","EUR","",""
"26.06.19","Einnahme","Girokarte","Omi","50","EUR","50","EUR","",""
"26.06.19","Einnahme","Girokarte","BAFöG","336","EUR","336","EUR","",""
"26.06.19","Einnahme","Girokarte","Papa","314","EUR","314","EUR","",""
"26.06.19","Ausgabe","Girokarte","Abonnenements ","14.99","EUR","14.99","EUR","",""
"25.06.19","Ausgabe","Girokarte","Kleidung (Allgemein)","24.9","EUR","24.9","EUR","","Schuhe "
"25.06.19","Ausgabe","Girokarte","Kleidung (Allgemein)","36.13","EUR","36.13","EUR","","Cheenos"
"25.06.19","Ausgabe","Girokarte","Allgemein","33","EUR","33","EUR","","Fahrradreparatur"
"24.06.19","Ausgabe","Girokarte","Allgemein","153.51","EUR","153.51","EUR","","QX Aufnahme Gebühr"
"24.06.19","Ausgabe","Girokarte","Reisen","49.4","EUR","49.4","EUR","",""
"23.06.19","Ausgabe","Girokarte","Allgemein","1","EUR","1","EUR","",""
"23.06.19","Ausgabe","Girokarte","Lebensmittel","3","EUR","3","EUR","",""
"21.06.19","Ausgabe","Girokarte","Reisen","44.9","EUR","44.9","EUR","","MLP campus"
"20.06.19","Ausgabe","Girokarte","Lebensmittel","34.11","EUR","34.11","EUR","",""
"20.06.19","Ausgabe","Girokarte","Reisen","2.5","EUR","2.5","EUR","",""
"20.06.19","Ausgabe","Girokarte","Lebensmittel","4.15","EUR","4.15","EUR","",""
"19.06.19","Ausgabe","Girokarte","Lebensmittel","4","EUR","4","EUR","",""
"19.06.19","Ausgabe","Girokarte","Lebensmittel","1.5","EUR","1.5","EUR","",""
"16.06.19","Ausgabe","Girokarte","Schulden","129","EUR","129","EUR","",""
"12.06.19","Ausgabe","Girokarte","Allgemein","4","EUR","4","EUR","",""
"09.06.19","Einnahme","Girokarte","Trinkgeld","16","EUR","16","EUR","",""
"09.06.19","Ausgabe","Girokarte","Reisen","16.26","EUR","16.26","EUR","",""
"07.06.19","Ausgabe","Girokarte","Allgemein","1.89","EUR","1.89","EUR","",""
"07.06.19","Ausgabe","Girokarte","Freizeit","22","EUR","22","EUR","",""
"07.06.19","Einnahme","Girokarte","Trinkgeld","19","EUR","19","EUR","",""
"06.06.19","Ausgabe","Girokarte","Abonnenements ","7.99","EUR","7.99","EUR","",""
"06.06.19","Ausgabe","Girokarte","Abonnenements ","9.99","EUR","9.99","EUR","",""
"06.06.19","Ausgabe","Girokarte","Abonnenements ","9.99","EUR","9.99","EUR","",""
"05.06.19","Ausgabe","Girokarte","Allgemein","19.9","EUR","19.9","EUR","","Bahncard 25"
"05.06.19","Ausgabe","Girokarte","Miete","582","EUR","582","EUR","",""
"05.06.19","Ausgabe","Girokarte","Lebensmittel","9.89","EUR","9.89","EUR","",""
"05.06.19","Ausgabe","Girokarte","Reisen","3.33","EUR","3.33","EUR","",""
"04.06.19","Ausgabe","Girokarte","Reisen","3.33","EUR","3.33","EUR","",""
"04.06.19","Ausgabe","Girokarte","Reisen","6.08","EUR","6.08","EUR","",""
"03.06.19","Ausgabe","Girokarte","Allgemein","1.5","EUR","1.5","EUR","",""
"03.06.19","Ausgabe","Girokarte","Lebensmittel","1.79","EUR","1.79","EUR","",""
"03.06.19","Ausgabe","Girokarte","Allgemein","1.79","EUR","1.79","EUR","",""
"02.06.19","Ausgabe","Girokarte","Reisen","19.9","EUR","19.9","EUR","","Fahrt nach Dresden "
"01.06.19","Ausgabe","Girokarte","Lebensmittel","13.89","EUR","13.89","EUR","",""
"01.06.19","Ausgabe","Girokarte","Reisen","12.5","EUR","12.5","EUR","","Budapest "
"01.06.19","Ausgabe","Girokarte","Reisen","18.5","EUR","18.5","EUR","","Hostel Budapest "
"31.05.19","Ausgabe","Girokarte","Lebensmittel","14.98","EUR","14.98","EUR","",""
"29.05.19","Ausgabe","Girokarte","Lebensmittel","12.91","EUR","12.91","EUR","",""
"29.05.19","Einnahme","Girokarte","Omi","50","EUR","50","EUR","",""
"29.05.19","Einnahme","Girokarte","Papa","314","EUR","314","EUR","",""
"29.05.19","Einnahme","Girokarte","BAFöG","336","EUR","336","EUR","",""
"29.05.19","Ausgabe","Girokarte","Abonnenements ","14.99","EUR","14.99","EUR","",""
"28.05.19","Ausgabe","Girokarte","Allgemein","23.95","EUR","23.95","EUR","","kamera"
"28.05.19","Ausgabe","Girokarte","Miete","60","EUR","60","EUR","","Nebenkosten"
"28.05.19","Ausgabe","Girokarte","Miete","232","EUR","232","EUR","","Miete"
"27.05.19","Ausgabe","Girokarte","Lebensmittel","9.9","EUR","9.9","EUR","",""
"27.05.19","Ausgabe","Girokarte","Allgemein","12","EUR","12","EUR","","Umzugskisten"
"25.05.19","Ausgabe","Girokarte","Freizeit","9.95","EUR","9.95","EUR","",""
"25.05.19","Ausgabe","Girokarte","Allgemein","3.23","EUR","3.23","EUR","",""
"25.05.19","Ausgabe","Girokarte","Lebensmittel","3","EUR","3","EUR","",""
"24.05.19","Ausgabe","Girokarte","Allgemein","0.7","EUR","0.7","EUR","",""
"24.05.19","Ausgabe","Girokarte","Lebensmittel","15.6","EUR","15.6","EUR","",""
"24.05.19","Ausgabe","Girokarte","Reisen","93.08","EUR","93.08","EUR","","Flüge Budapest"
"23.05.19","Ausgabe","Girokarte","Zaubern (Allgemein)","94.93","EUR","94.93","EUR","","Ed Lessons "
"23.05.19","Ausgabe","Girokarte","Freizeit","5","EUR","5","EUR","",""
"22.05.19","Ausgabe","Girokarte","Mensa (Lebensmittel)","10","EUR","10","EUR","",""
"21.05.19","Ausgabe","Girokarte","Lebensmittel","12.99","EUR","12.99","EUR","",""
"21.05.19","Ausgabe","Girokarte","Zaubern (Allgemein)","50","EUR","50","EUR","",""
"20.05.19","Ausgabe","Girokarte","Reisen","30.54","EUR","30.54","EUR","","Qx Frankfurt"
"20.05.19","Ausgabe","Girokarte","Reisen","44.96","EUR","44.96","EUR","","Ausrüstung bergtour"
"20.05.19","Einnahme","Girokarte","Omi","20","EUR","20","EUR","",""
"19.05.19","Ausgabe","Girokarte","Lebensmittel","5.57","EUR","5.57","EUR","",""
"19.05.19","Ausgabe","Girokarte","Freizeit","6","EUR","6","EUR","",""
"18.05.19","Ausgabe","Girokarte","Reisen","16.23","EUR","16.23","EUR","",""
"18.05.19","Einnahme","Girokarte","Zaubern","400","EUR","400","EUR","",""
"18.05.19","Einnahme","Girokarte","Trinkgeld","55","EUR","55","EUR","",""
"18.05.19","Ausgabe","Girokarte","Zaubern (Allgemein)","5","EUR","5","EUR","",""
"18.05.19","Ausgabe","Girokarte","Lebensmittel","3.23","EUR","3.23","EUR","",""
"16.05.19","Ausgabe","Girokarte","Reisen","4.4","EUR","4.4","EUR","",""
"16.05.19","Ausgabe","Girokarte","Allgemein","20","EUR","20","EUR","","Kopfhörer"
"16.05.19","Ausgabe","Girokarte","Lebensmittel","5.6","EUR","5.6","EUR","",""
"15.05.19","Ausgabe","Girokarte","Mensa (Lebensmittel)","10","EUR","10","EUR","",""
"15.05.19","Ausgabe","Girokarte","Lebensmittel","2.6","EUR","2.6","EUR","",""
"14.05.19","Ausgabe","Girokarte","Freizeit","4","EUR","4","EUR","",""
"14.05.19","Ausgabe","Girokarte","Allgemein","4","EUR","4","EUR","",""
"14.05.19","Ausgabe","Girokarte","Allgemein","7.45","EUR","7.45","EUR","","Makeup concealer"
"13.05.19","Ausgabe","Girokarte","Lebensmittel","17.89","EUR","17.89","EUR","",""
"12.05.19","Ausgabe","Girokarte","Reisen","17.99","EUR","17.99","EUR","","Bus Dresden "
"12.05.19","Ausgabe","Girokarte","Freizeit","12","EUR","12","EUR","",""
"10.05.19","Ausgabe","Girokarte","Lebensmittel","3","EUR","3","EUR","",""
"10.05.19","Ausgabe","Girokarte","Weiterbildung","7","EUR","7","EUR","",""
"09.05.19","Ausgabe","Girokarte","Freizeit","20","EUR","20","EUR","","Antonia "
"09.05.19","Ausgabe","Girokarte","Lebensmittel","26.59","EUR","26.59","EUR","",""
"09.05.19","Ausgabe","Girokarte","Kleidung (Allgemein)","4.8","EUR","4.8","EUR","","Reinigung "
"09.05.19","Ausgabe","Girokarte","Kleidung (Allgemein)","7","EUR","7","EUR","",""
"09.05.19","Ausgabe","Girokarte","Zaubern (Allgemein)","45.85","EUR","45.85","EUR","","Anzug-Schuhe"
"08.05.19","Einnahme","Girokarte","Einnahmen","50","EUR","50","EUR","","Comedy "
"07.05.19","Ausgabe","Girokarte","Allgemein","28.95","EUR","28.95","EUR","","Powerbank"
"07.05.19","Ausgabe","Girokarte","Reisen","9","EUR","9","EUR","","Sondergepäckszuschlag"
"07.05.19","Ausgabe","Girokarte","Lebensmittel","2.4","EUR","2.4","EUR","",""
"06.05.19","Ausgabe","Girokarte","Weiterbildung","29","EUR","29","EUR","","Qx AC "
"06.05.19","Ausgabe","Girokarte","Lebensmittel","24.09","EUR","24.09","EUR","",""
"06.05.19","Ausgabe","Girokarte","Zaubern (Allgemein)","15.99","EUR","15.99","EUR","","Visitenkarten "
"06.05.19","Ausgabe","Girokarte","Gesundheit","30","EUR","30","EUR","","Fitbox"
"06.05.19","Ausgabe","Girokarte","Abonnenements ","9.99","EUR","9.99","EUR","",""
"06.05.19","Ausgabe","Girokarte","Abonnenements ","9.99","EUR","9.99","EUR","",""
"06.05.19","Ausgabe","Girokarte","Abonnenements ","7.99","EUR","7.99","EUR","",""
"05.05.19","Ausgabe","Girokarte","Miete","60","EUR","60","EUR","","Nebenkosten"
"05.05.19","Ausgabe","Girokarte","Miete","232","EUR","232","EUR","","Miete"
"04.05.19","Ausgabe","Girokarte","Freizeit","7","EUR","7","EUR","",""
"03.05.19","Ausgabe","Girokarte","Freizeit","11","EUR","11","EUR","",""
"02.05.19","Ausgabe","Girokarte","Lebensmittel","22.76","EUR","22.76","EUR","",""
"01.05.19","Einnahme","Girokarte","Omi","50","EUR","50","EUR","",""
"01.05.19","Einnahme","Girokarte","Papa","314","EUR","314","EUR","",""
"01.05.19","Einnahme","Girokarte","BAFöG","336","EUR","336","EUR","",""
"01.05.19","Ausgabe","Girokarte","Abonnenements ","14.99","EUR","14.99","EUR","",""
"30.04.19","Ausgabe","Girokarte","Freizeit","8.6","EUR","8.6","EUR","",""
"30.04.19","Ausgabe","Girokarte","Schulden","33.33","EUR","33.33","EUR","",""
"30.04.19","Ausgabe","Girokarte","Weiterbildung","290","EUR","290","EUR","","Agora Konferenz"
"30.04.19","Ausgabe","Girokarte","Allgemein","22.95","EUR","22.95","EUR","","Fahrradschloss"
"30.04.19","Ausgabe","Girokarte","Lebensmittel","32.25","EUR","32.25","EUR","",""
"30.04.19","Ausgabe","Girokarte","Lebensmittel","5","EUR","5","EUR","",""
"29.04.19","Ausgabe","Girokarte","Zaubern (Allgemein)","9.95","EUR","9.95","EUR","",""
"28.04.19","Ausgabe","Girokarte","Freizeit","20","EUR","20","EUR","",""
"27.04.19","Ausgabe","Girokarte","Reisen","3.4","EUR","3.4","EUR","",""
"27.04.19","Ausgabe","Girokarte","Reisen","3.4","EUR","3.4","EUR","",""
"26.04.19","Ausgabe","Girokarte","Lebensmittel","2.2","EUR","2.2","EUR","",""
"26.04.19","Ausgabe","Girokarte","Reisen","2.8","EUR","2.8","EUR","",""
"25.04.19","Ausgabe","Girokarte","Lebensmittel","3.14","EUR","3.14","EUR","",""
"25.04.19","Ausgabe","Girokarte","Allgemein","0.7","EUR","0.7","EUR","",""
"25.04.19","Ausgabe","Girokarte","Mensa (Lebensmittel)","10","EUR","10","EUR","",""
"24.04.19","Ausgabe","Girokarte","Reisen","12.17","EUR","12.17","EUR","",""
"24.04.19","Ausgabe","Girokarte","Zaubern (Allgemein)","45","EUR","45","EUR","","Website Zaubern "
"24.04.19","Ausgabe","Girokarte","Allgemein","5.35","EUR","5.35","EUR","",""
"24.04.19","Ausgabe","Girokarte","Zaubern (Allgemein)","5","EUR","5","EUR","",""
"24.04.19","Ausgabe","Girokarte","Zaubern (Allgemein)","3.99","EUR","3.99","EUR","",""
"24.04.19","Ausgabe","Girokarte","Allgemein","13.99","EUR","13.99","EUR","","Rasierklingen"
"24.04.19","Ausgabe","Girokarte","Zaubern (Allgemein)","3.99","EUR","3.99","EUR","",""
"24.04.19","Ausgabe","Girokarte","Lebensmittel","11.2","EUR","11.2","EUR","",""
"24.04.19","Ausgabe","Girokarte","Lebensmittel","29.36","EUR","29.36","EUR","",""
"22.04.19","Einnahme","Girokarte","Trinkgeld","38.2","EUR","38.2","EUR","",""
"21.04.19","Einnahme","Girokarte","Trinkgeld","17","EUR","17","EUR","",""
"19.04.19","Einnahme","Girokarte","Trinkgeld","55","EUR","55","EUR","",""
"19.04.19","Ausgabe","Girokarte","Reisen","41.16","EUR","41.16","EUR","",""
"19.04.19","Einnahme","Girokarte","Omi","50","EUR","50","EUR","","Ostern"
"18.04.19","Ausgabe","Girokarte","Lebensmittel","3.5","EUR","3.5","EUR","",""
"17.04.19","Ausgabe","Girokarte","Zaubern (Allgemein)","15.8","EUR","15.8","EUR","",""
"17.04.19","Ausgabe","Girokarte","Gesundheit","33.84","EUR","33.84","EUR","",""
"17.04.19","Ausgabe","Girokarte","Freizeit","2","EUR","2","EUR","",""
"17.04.19","Ausgabe","Girokarte"," Sonstiges (Allgemein)","5.65","EUR","5.65","EUR","","Hefter Uni"
"16.04.19","Ausgabe","Girokarte","Weiterbildung","30.98","EUR","30.98","EUR","",""
"15.04.19","Ausgabe","Girokarte","Zaubern (Allgemein)","5","EUR","5","EUR","",""
"15.04.19","Ausgabe","Girokarte","Mensa (Lebensmittel)","10","EUR","10","EUR","",""
"15.04.19","Ausgabe","Girokarte","Reisen","25.27","EUR","25.27","EUR","",""
"15.04.19","Ausgabe","Girokarte","Schulden","39","EUR","39","EUR","",""
"15.04.19","Ausgabe","Girokarte","Allgemein","59.34","EUR","59.34","EUR","","Versicherung PH"
"15.04.19","Ausgabe","Girokarte","Lebensmittel","16.49","EUR","16.49","EUR","",""
"13.04.19","Ausgabe","Girokarte","Zaubern (Allgemein)","3.95","EUR","3.95","EUR","",""
"13.04.19","Ausgabe","Girokarte","Zaubern (Allgemein)","13.19","EUR","13.19","EUR","",""
"13.04.19","Ausgabe","Girokarte","Lebensmittel","5.19","EUR","5.19","EUR","",""
"12.04.19","Ausgabe","Girokarte","Lebensmittel","13.78","EUR","13.78","EUR","",""
"12.04.19","Ausgabe","Girokarte","Zaubern (Allgemein)","9.45","EUR","9.45","EUR","",""
"10.04.19","Ausgabe","Girokarte","Lebensmittel","7.74","EUR","7.74","EUR","",""
"10.04.19","Ausgabe","Girokarte","Allgemein","12.6","EUR","12.6","EUR","","Friseur"
"10.04.19","Ausgabe","Girokarte","Zaubern (Allgemein)","39.7","EUR","39.7","EUR","",""
"09.04.19","Ausgabe","Girokarte","Freizeit","6.5","EUR","6.5","EUR","",""
"08.04.19","Ausgabe","Girokarte","Allgemein","0.7","EUR","0.7","EUR","",""
"08.04.19","Ausgabe","Girokarte","Zaubern (Allgemein)","14.14","EUR","14.14","EUR","",""
"08.04.19","Ausgabe","Girokarte","Weiterbildung","2.5","EUR","2.5","EUR","",""
"08.04.19","Ausgabe","Girokarte","Allgemein","9.9","EUR","9.9","EUR","","Gitarrensaiten"
"08.04.19","Ausgabe","Girokarte","Lebensmittel","34.78","EUR","34.78","EUR","",""
"06.04.19","Einnahme","Girokarte","Trinkgeld","43.5","EUR","43.5","EUR","",""
"06.04.19","Einnahme","Girokarte","Einnahmen","60","EUR","60","EUR","","Mama"
"06.04.19","Ausgabe","Girokarte","Abonnenements ","9.99","EUR","9.99","EUR","",""
"06.04.19","Ausgabe","Girokarte","Abonnenements ","7.99","EUR","7.99","EUR","",""
"06.04.19","Ausgabe","Girokarte","Abonnenements ","9.99","EUR","9.99","EUR","",""
"05.04.19","Einnahme","Girokarte","Trinkgeld","7","EUR","7","EUR","",""
"05.04.19","Ausgabe","Girokarte","Lebensmittel","5.1","EUR","5.1","EUR","",""
"05.04.19","Ausgabe","Girokarte","Schulden","33.31","EUR","33.31","EUR","",""
"05.04.19","Ausgabe","Girokarte","Reisen","8.6","EUR","8.6","EUR","",""
"05.04.19","Ausgabe","Girokarte","Reisen","19.27","EUR","19.27","EUR","",""
"04.04.19","Ausgabe","Girokarte","Reisen","2.4","EUR","2.4","EUR","",""
"04.04.19","Ausgabe","Girokarte","Schulden","5","EUR","5","EUR","",""
"04.04.19","Ausgabe","Girokarte","Lebensmittel","3.9","EUR","3.9","EUR","",""
"03.04.19","Ausgabe","Girokarte","Lebensmittel","2.4","EUR","2.4","EUR","",""
"03.04.19","Ausgabe","Girokarte","Abonnenements ","14.99","EUR","14.99","EUR","",""
"02.04.19","Ausgabe","Girokarte","Lebensmittel","14.78","EUR","14.78","EUR","",""
"02.04.19","Ausgabe","Girokarte","Allgemein","3.5","EUR","3.5","EUR","",""
"02.04.19","Ausgabe","Girokarte","Miete","60","EUR","60","EUR","","Nebenkosten"
"02.04.19","Ausgabe","Girokarte","Miete","232","EUR","232","EUR","","Miete"
"01.04.19","Ausgabe","Girokarte","Reisen","13.99","EUR","13.99","EUR","","BUS NACH DD"
"31.03.19","Ausgabe","Girokarte","Zaubern (Allgemein)","55.04","EUR","55.04","EUR","",""
"31.03.19","Ausgabe","Girokarte","Allgemein","24.85","EUR","24.85","EUR","",""
"31.03.19","Ausgabe","Girokarte","Weiterbildung","12.89","EUR","12.89","EUR","",""
"29.03.19","Ausgabe","Girokarte","Schulden","33.6","EUR","33.6","EUR","",""
"28.03.19","Ausgabe","Girokarte","Lebensmittel","10.45","EUR","10.45","EUR","",""
"28.03.19","Ausgabe","Girokarte","Gesundheit","7.45","EUR","7.45","EUR","",""
"27.03.19","Ausgabe","Girokarte","Allgemein","4.57","EUR","4.57","EUR","",""
"27.03.19","Ausgabe","Girokarte","Lebensmittel","14","EUR","14","EUR","",""
"26.03.19","Ausgabe","Girokarte","Reisen","6.85","EUR","6.85","EUR","",""
"26.03.19","Ausgabe","Girokarte","Freizeit","2","EUR","2","EUR","",""
"26.03.19","Ausgabe","Girokarte","Schulden","37.5","EUR","37.5","EUR","",""
"25.03.19","Ausgabe","Girokarte","Lebensmittel","41.41","EUR","41.41","EUR","",""
"24.03.19","Ausgabe","Girokarte","Freizeit","6.5","EUR","6.5","EUR","",""
"24.03.19","Ausgabe","Girokarte","Freizeit","13.8","EUR","13.8","EUR","",""
"24.03.19","Ausgabe","Girokarte","Reisen","14.2","EUR","14.2","EUR","",""
"24.03.19","Ausgabe","Girokarte","Lebensmittel","3.03","EUR","3.03","EUR","",""
"23.03.19","Ausgabe","Girokarte","Reisen","2.8","EUR","2.8","EUR","",""
"23.03.19","Ausgabe","Girokarte","Reisen","16.99","EUR","16.99","EUR","","Flixbus"
"23.03.19","Ausgabe","Girokarte","Reisen","14","EUR","14","EUR","",""
"23.03.19","Ausgabe","Girokarte","Allgemein","17.89","EUR","17.89","EUR","","Wäscheständer"
"23.03.19","Ausgabe","Girokarte","Reisen","27","EUR","27","EUR","",""
"21.03.19","Ausgabe","Girokarte","Reisen","6","EUR","6","EUR","",""
"19.03.19","Ausgabe","Girokarte","Reisen","3.98","EUR","3.98","EUR","",""
"18.03.19","Ausgabe","Girokarte","Reisen","24.48","EUR","24.48","EUR","",""
"17.03.19","Ausgabe","Girokarte","Reisen","17","EUR","17","EUR","",""
"17.03.19","Ausgabe","Girokarte","Reisen","10","EUR","10","EUR","",""
"17.03.19","Ausgabe","Girokarte","Reisen","8","EUR","8","EUR","",""
"16.03.19","Ausgabe","Girokarte","Reisen","35.4","EUR","35.4","EUR","",""
"16.03.19","Ausgabe","Girokarte","Allgemein","3.1","EUR","3.1","EUR","",""
"16.03.19","Ausgabe","Girokarte","Lebensmittel","3.1","EUR","3.1","EUR","",""
"15.03.19","Ausgabe","Girokarte","Allgemein","5","EUR","5","EUR","",""
"15.03.19","Ausgabe","Girokarte","Allgemein","3.5","EUR","3.5","EUR","","Sachen madrid"
"15.03.19","Ausgabe","Girokarte","Gesundheit","4.46","EUR","4.46","EUR","","Aspirin"
"15.03.19","Ausgabe","Girokarte","Lebensmittel","13.12","EUR","13.12","EUR","",""
"14.03.19","Ausgabe","Girokarte","Allgemein","17.8","EUR","17.8","EUR","","Busfahrt zob"
"14.03.19","Ausgabe","Girokarte","Mensa (Lebensmittel)","10","EUR","10","EUR","",""
"13.03.19","Ausgabe","Girokarte","Lebensmittel","33","EUR","33","EUR","",""
"12.03.19","Einnahme","Girokarte","Trinkgeld","31","EUR","31","EUR","",""
"12.03.19","Ausgabe","Girokarte","Freizeit","5","EUR","5","EUR","",""
"12.03.19","Ausgabe","Girokarte","Freizeit","12","EUR","12","EUR","","Falk felix essen"
"12.03.19","Einnahme","Girokarte","Einnahmen","38","EUR","38","EUR","","Trinkgd"
"12.03.19","Einnahme","Girokarte","Einnahmen","20","EUR","20","EUR","","Omk"
"09.03.19","Ausgabe","Girokarte","Lebensmittel","1.38","EUR","1.38","EUR","",""
"06.03.19","Ausgabe","Girokarte","Allgemein","16.8","EUR","16.8","EUR","","Anzug"
"06.03.19","Ausgabe","Girokarte","Abonnenements ","9.99","EUR","9.99","EUR","",""
"06.03.19","Ausgabe","Girokarte","Abonnenements ","7.99","EUR","7.99","EUR","",""
"06.03.19","Ausgabe","Girokarte","Abonnenements ","14.99","EUR","14.99","EUR","",""
"06.03.19","Ausgabe","Girokarte","Abonnenements ","9.99","EUR","9.99","EUR","",""
"05.03.19","Ausgabe","Girokarte","Miete","60","EUR","60","EUR","","Nebenkosten"
"05.03.19","Ausgabe","Girokarte","Miete","232","EUR","232","EUR","","Miete"
"04.03.19","Ausgabe","Girokarte","Allgemein","57","EUR","57","EUR","","TM Halbjahresbeiträge"
"04.03.19","Ausgabe","Girokarte","Allgemein","33.31","EUR","33.31","EUR","","Anwalt basic fit"
"04.03.19","Ausgabe","Girokarte","Lebensmittel","11.48","EUR","11.48","EUR","",""
"04.03.19","Ausgabe","Girokarte","Mensa (Lebensmittel)","15","EUR","15","EUR","",""
"03.03.19","Ausgabe","Girokarte","Allgemein","5.95","EUR","5.95","EUR","","Bus nach DD"
"02.03.19","Ausgabe","Girokarte","Lebensmittel","16.28","EUR","16.28","EUR","",""
"28.02.19","Ausgabe","Girokarte","Reisen","351.07","EUR","351.07","EUR","","London"
"28.02.19","Ausgabe","Girokarte","Allgemein","12.17","EUR","12.17","EUR","",""
"28.02.19","Ausgabe","Girokarte","Freizeit","7.6","EUR","7.6","EUR","",""
"28.02.19","Ausgabe","Girokarte","Lebensmittel","2.91","EUR","2.91","EUR","",""
"25.02.19","Ausgabe","Girokarte","Lebensmittel","25.76","EUR","25.76","EUR","",""
"25.02.19","Ausgabe","Girokarte","Allgemein","3.95","EUR","3.95","EUR","",""
"25.02.19","Ausgabe","Girokarte","Lebensmittel","3","EUR","3","EUR","",""
"18.02.19","Ausgabe","Girokarte","Lebensmittel","2","EUR","2","EUR","",""
"17.02.19","Ausgabe","Girokarte","Freizeit","5","EUR","5","EUR","",""
"16.02.19","Ausgabe","Girokarte"," Sonstiges (Allgemein)","15.9","EUR","15.9","EUR","","Reisesachen "
"15.02.19","Ausgabe","Girokarte","Freizeit","4","EUR","4","EUR","",""
"14.02.19","Ausgabe","Girokarte","Freizeit","38.5","EUR","38.5","EUR","","Antonia Valentinstag"
"14.02.19","Ausgabe","Girokarte","Mensa (Lebensmittel)","10","EUR","10","EUR","",""
"13.02.19","Ausgabe","Girokarte","Lebensmittel","14.67","EUR","14.67","EUR","",""
"12.02.19","Ausgabe","Girokarte","Freizeit","10","EUR","10","EUR","","Co olympiade"
"12.02.19","Ausgabe","Girokarte","Lebensmittel","2.6","EUR","2.6","EUR","",""
"11.02.19","Ausgabe","Girokarte","Lebensmittel","6.07","EUR","6.07","EUR","",""
"11.02.19","Ausgabe","Girokarte","Lebensmittel","21.79","EUR","21.79","EUR","",""
"09.02.19","Ausgabe","Girokarte","Freizeit","21","EUR","21","EUR","",""
"09.02.19","Ausgabe","Girokarte","Lebensmittel","5.79","EUR","5.79","EUR","",""
"09.02.19","Ausgabe","Girokarte","Allgemein","8.9","EUR","8.9","EUR","","München Tagesticket be.boosted"
"08.02.19","Ausgabe","Girokarte","Freizeit","23","EUR","23","EUR","",""
"08.02.19","Ausgabe","Girokarte","Freizeit","5.19","EUR","5.19","EUR","",""
"08.02.19","Ausgabe","Girokarte","Weiterbildung","18.9","EUR","18.9","EUR","",""
"07.02.19","Ausgabe","Girokarte","Lebensmittel","6.42","EUR","6.42","EUR","",""
"06.02.19","Ausgabe","Girokarte","Lebensmittel","8.03","EUR","8.03","EUR","",""
"06.02.19","Ausgabe","Girokarte","Allgemein","6.99","EUR","6.99","EUR","","Budget app"
"06.02.19","Ausgabe","Girokarte","Abonnenements ","7.99","EUR","7.99","EUR","",""
"06.02.19","Ausgabe","Girokarte","Abonnenements ","9.99","EUR","9.99","EUR","",""
"06.02.19","Ausgabe","Girokarte","Abonnenements ","9.99","EUR","9.99","EUR","",""
"06.02.19","Ausgabe","Girokarte","Abonnenements ","14.99","EUR","14.99","EUR","",""
"06.02.19","Ausgabe","Girokarte","Schulden","65","EUR","65","EUR","",""
"05.02.19","Ausgabe","Girokarte","Miete","60","EUR","60","EUR","","Nebenkosten"
"05.02.19","Ausgabe","Girokarte","Miete","232","EUR","232","EUR","","Miete"
"04.02.19","Ausgabe","Girokarte","Freizeit","2.7","EUR","2.7","EUR","",""
"04.02.19","Ausgabe","Girokarte","Weiterbildung","2.5","EUR","2.5","EUR","","Druckerkarte"
"03.02.19","Ausgabe","Girokarte","Lebensmittel","35.35","EUR","35.35","EUR","",""
"03.02.19","Ausgabe","Girokarte","Weiterbildung","8.99","EUR","8.99","EUR","","7hohep"
"03.02.19","Ausgabe","Girokarte","Weiterbildung","9.9","EUR","9.9","EUR","","Chinesischbuch"
,
,
"NAME","SALDO","WÄHRUNG"
"Girokarte","-8307.12","EUR"
"Bargeld","0","EUR"
,
